timestamp,people_count,room
2025-11-25 09:00:12,8,lobby
2025-11-25 09:01:05,10,lobby
2025-11-25 09:01:55,12,lobby
2025-11-25 09:02:33,9,lobby
2025-11-25 09:03:20,11,lobby
2025-11-25 09:04:44,13,lobby
2025-11-25 09:05:11,7,lobby
2025-11-25 09:05:58,10,lobby
2025-11-25 09:07:12,14,lobby
2025-11-25 09:08:45,12,lobby
2025-11-25 09:09:32,9,lobby
2025-11-25 09:10:21,15,lobby
2025-11-25 09:11:03,11,lobby
2025-11-25 09:12:25,13,lobby
2025-11-25 09:13:12,8,lobby
2025-11-25 09:14:48,10,lobby
2025-11-25 09:15:33,12,lobby
2025-11-25 09:16:57,7,lobby
2025-11-25 09:17:44,14,lobby
2025-11-25 09:18:30,9,lobby

2025-11-25 10:00:14,12,lobby
2025-11-25 10:01:22,14,lobby
2025-11-25 10:02:38,16,lobby
2025-11-25 10:03:11,11,lobby
2025-11-25 10:04:59,15,lobby
2025-11-25 10:05:44,18,lobby
2025-11-25 10:06:52,10,lobby
2025-11-25 10:07:33,13,lobby
2025-11-25 10:08:47,17,lobby
2025-11-25 10:09:55,14,lobby
2025-11-25 10:10:42,19,lobby
2025-11-25 10:11:39,16,lobby
2025-11-25 10:12:17,12,lobby
2025-11-25 10:13:58,18,lobby
2025-11-25 10:14:41,15,lobby
2025-11-25 10:15:25,17,lobby
2025-11-25 10:16:50,13,lobby
2025-11-25 10:17:36,11,lobby
2025-11-25 10:18:44,16,lobby
2025-11-25 10:19:57,14,lobby

2025-11-25 11:00:21,15,lobby
2025-11-25 11:01:33,18,lobby
2025-11-25 11:02:57,20,lobby
2025-11-25 11:03:44,13,lobby
2025-11-25 11:04:25,17,lobby
2025-11-25 11:05:56,19,lobby
2025-11-25 11:06:41,14,lobby
2025-11-25 11:07:22,16,lobby
2025-11-25 11:08:19,21,lobby
2025-11-25 11:09:03,18,lobby
2025-11-25 11:10:15,20,lobby
2025-11-25 11:11:48,17,lobby
2025-11-25 11:12:56,15,lobby
2025-11-25 11:13:31,22,lobby
2025-11-25 11:14:40,19,lobby
2025-11-25 11:15:55,18,lobby
2025-11-25 11:16:42,16,lobby
2025-11-25 11:17:29,14,lobby
2025-11-25 11:18:18,20,lobby
2025-11-25 11:19:57,17,lobby

2025-11-25 12:00:31,22,lobby
2025-11-25 12:01:11,24,lobby
2025-11-25 12:02:55,26,lobby
2025-11-25 12:03:44,20,lobby
2025-11-25 12:04:31,25,lobby
2025-11-25 12:05:47,27,lobby
2025-11-25 12:06:22,23,lobby
2025-11-25 12:07:38,21,lobby
2025-11-25 12:08:44,28,lobby
2025-11-25 12:09:53,24,lobby
2025-11-25 12:10:41,26,lobby
2025-11-25 12:11:12,25,lobby
2025-11-25 12:12:40,22,lobby
2025-11-25 12:13:29,27,lobby
2025-11-25 12:14:57,29,lobby
2025-11-25 12:15:32,23,lobby
2025-11-25 12:16:49,26,lobby
2025-11-25 12:17:41,24,lobby
2025-11-25 12:18:58,28,lobby
2025-11-25 12:19:44,25,lobby

2025-11-25 13:00:13,18,lobby
2025-11-25 13:01:47,20,lobby
2025-11-25 13:02:59,22,lobby
2025-11-25 13:03:14,17,lobby
2025-11-25 13:04:33,19,lobby
2025-11-25 13:05:55,21,lobby
2025-11-25 13:06:41,16,lobby
2025-11-25 13:07:22,18,lobby
2025-11-25 13:08:37,20,lobby
2025-11-25 13:09:42,19,lobby
2025-11-25 13:10:22,23,lobby
2025-11-25 13:11:37,21,lobby
2025-11-25 13:12:59,17,lobby
2025-11-25 13:13:48,22,lobby
2025-11-25 13:14:55,20,lobby
2025-11-25 13:15:41,18,lobby
2025-11-25 13:16:12,21,lobby
2025-11-25 13:17:48,17,lobby
2025-11-25 13:18:33,23,lobby
2025-11-25 13:19:44,19,lobby

2025-11-25 14:00:01,14,lobby
2025-11-25 14:01:22,16,lobby
2025-11-25 14:02:35,18,lobby
2025-11-25 14:03:47,13,lobby
2025-11-25 14:04:59,15,lobby
2025-11-25 14:05:45,17,lobby
2025-11-25 14:06:33,12,lobby
2025-11-25 14:07:25,14,lobby
2025-11-25 14:08:58,16,lobby
2025-11-25 14:09:44,15,lobby
2025-11-25 14:10:12,19,lobby
2025-11-25 14:11:55,17,lobby
2025-11-25 14:12:41,13,lobby
2025-11-25 14:13:27,18,lobby
2025-11-25 14:14:52,16,lobby
2025-11-25 14:15:30,14,lobby
2025-11-25 14:16:14,17,lobby
2025-11-25 14:17:58,13,lobby
2025-11-25 14:18:31,19,lobby
2025-11-25 14:19:45,15,lobby

2025-11-25 15:00:14,10,lobby
2025-11-25 15:01:44,12,lobby
2025-11-25 15:02:51,14,lobby
2025-11-25 15:03:48,9,lobby
2025-11-25 15:04:12,11,lobby
2025-11-25 15:05:21,13,lobby
2025-11-25 15:06:44,8,lobby
2025-11-25 15:07:35,10,lobby
2025-11-25 15:08:52,12,lobby
2025-11-25 15:09:47,11,lobby
2025-11-25 15:10:57,15,lobby
2025-11-25 15:11:44,13,lobby
2025-11-25 15:12:26,9,lobby
2025-11-25 15:13:12,14,lobby
2025-11-25 15:14:41,12,lobby
2025-11-25 15:15:25,10,lobby
2025-11-25 15:16:40,13,lobby
2025-11-25 15:17:59,9,lobby
2025-11-25 15:18:47,15,lobby
2025-11-25 15:19:22,11,lobby

2025-11-25 09:00:12,8,lobby
2025-11-25 09:01:05,10,lobby
2025-11-25 09:01:55,12,lobby
2025-11-25 09:02:33,9,lobby
2025-11-25 09:03:20,11,lobby
2025-11-25 09:04:44,13,lobby
2025-11-25 09:05:11,7,lobby
2025-11-25 09:05:58,10,lobby
2025-11-25 09:07:12,14,lobby
2025-11-25 09:08:45,12,lobby
2025-11-25 09:09:32,9,lobby
2025-11-25 09:10:21,15,lobby
2025-11-25 09:11:03,11,lobby
2025-11-25 09:12:25,13,lobby
2025-11-25 09:13:12,8,lobby
2025-11-25 09:14:48,10,lobby
2025-11-25 09:15:33,12,lobby
2025-11-25 09:16:57,7,lobby
2025-11-25 09:17:44,14,lobby
2025-11-25 09:18:30,9,lobby

2025-11-25 10:00:14,12,lobby
2025-11-25 10:01:22,14,lobby
2025-11-25 10:02:38,16,lobby
2025-11-25 10:03:11,11,lobby
2025-11-25 10:04:59,15,lobby
2025-11-25 10:05:44,18,lobby
2025-11-25 10:06:52,10,lobby
2025-11-25 10:07:33,13,lobby
2025-11-25 10:08:47,17,lobby
2025-11-25 10:09:55,14,lobby
2025-11-25 10:10:42,19,lobby
2025-11-25 10:11:39,16,lobby
2025-11-25 10:12:17,12,lobby
2025-11-25 10:13:58,18,lobby
2025-11-25 10:14:41,15,lobby
2025-11-25 10:15:25,17,lobby
2025-11-25 10:16:50,13,lobby
2025-11-25 10:17:36,11,lobby
2025-11-25 10:18:44,16,lobby
2025-11-25 10:19:57,14,lobby

2025-11-25 11:00:21,15,lobby
2025-11-25 11:01:33,18,lobby
2025-11-25 11:02:57,20,lobby
2025-11-25 11:03:44,13,lobby
2025-11-25 11:04:25,17,lobby
2025-11-25 11:05:56,19,lobby
2025-11-25 11:06:41,14,lobby
2025-11-25 11:07:22,16,lobby
2025-11-25 11:08:19,21,lobby
2025-11-25 11:09:03,18,lobby
2025-11-25 11:10:15,20,lobby
2025-11-25 11:11:48,17,lobby
2025-11-25 11:12:56,15,lobby
2025-11-25 11:13:31,22,lobby
2025-11-25 11:14:40,19,lobby
2025-11-25 11:15:55,18,lobby
2025-11-25 11:16:42,16,lobby
2025-11-25 11:17:29,14,lobby
2025-11-25 11:18:18,20,lobby
2025-11-25 11:19:57,17,lobby

2025-11-25 12:00:31,22,lobby
2025-11-25 12:01:11,24,lobby
2025-11-25 12:02:55,26,lobby
2025-11-25 12:03:44,20,lobby
2025-11-25 12:04:31,25,lobby
2025-11-25 12:05:47,27,lobby
2025-11-25 12:06:22,23,lobby
2025-11-25 12:07:38,21,lobby
2025-11-25 12:08:44,28,lobby
2025-11-25 12:09:53,24,lobby
2025-11-25 12:10:41,26,lobby
2025-11-25 12:11:12,25,lobby
2025-11-25 12:12:40,22,lobby
2025-11-25 12:13:29,27,lobby
2025-11-25 12:14:57,29,lobby
2025-11-25 12:15:32,23,lobby
2025-11-25 12:16:49,26,lobby
2025-11-25 12:17:41,24,lobby
2025-11-25 12:18:58,28,lobby
2025-11-25 12:19:44,25,lobby

2025-11-25 13:00:13,18,lobby
2025-11-25 13:01:47,20,lobby
2025-11-25 13:02:59,22,lobby
2025-11-25 13:03:14,17,lobby
2025-11-25 13:04:33,19,lobby
2025-11-25 13:05:55,21,lobby
2025-11-25 13:06:41,16,lobby
2025-11-25 13:07:22,18,lobby
2025-11-25 13:08:37,20,lobby
2025-11-25 13:09:42,19,lobby
2025-11-25 13:10:22,23,lobby
2025-11-25 13:11:37,21,lobby
2025-11-25 13:12:59,17,lobby
2025-11-25 13:13:48,22,lobby
2025-11-25 13:14:55,20,lobby
2025-11-25 13:15:41,18,lobby
2025-11-25 13:16:12,21,lobby
2025-11-25 13:17:48,17,lobby
2025-11-25 13:18:33,23,lobby
2025-11-25 13:19:44,19,lobby

2025-11-25 14:00:01,14,lobby
2025-11-25 14:01:22,16,lobby
2025-11-25 14:02:35,18,lobby
2025-11-25 14:03:47,13,lobby
2025-11-25 14:04:59,15,lobby
2025-11-25 14:05:45,17,lobby
2025-11-25 14:06:33,12,lobby
2025-11-25 14:07:25,14,lobby
2025-11-25 14:08:58,16,lobby
2025-11-25 14:09:44,15,lobby
2025-11-25 14:10:12,19,lobby
2025-11-25 14:11:55,17,lobby
2025-11-25 14:12:41,13,lobby
2025-11-25 14:13:27,18,lobby
2025-11-25 14:14:52,16,lobby
2025-11-25 14:15:30,14,lobby
2025-11-25 14:16:14,17,lobby
2025-11-25 14:17:58,13,lobby
2025-11-25 14:18:31,19,lobby
2025-11-25 14:19:45,15,lobby

2025-11-25 15:00:14,10,lobby
2025-11-25 15:01:44,12,lobby
2025-11-25 15:02:51,14,lobby
2025-11-25 15:03:48,9,lobby
2025-11-25 15:04:12,11,lobby
2025-11-25 15:05:21,13,lobby
2025-11-25 15:06:44,8,lobby
2025-11-25 15:07:35,10,lobby
2025-11-25 15:08:52,12,lobby
2025-11-25 15:09:47,11,lobby
2025-11-25 15:10:57,15,lobby
2025-11-25 15:11:44,13,lobby
2025-11-25 15:12:26,9,lobby
2025-11-25 15:13:12,14,lobby
2025-11-25 15:14:41,12,lobby
2025-11-25 15:15:25,10,lobby
2025-11-25 15:16:40,13,lobby
2025-11-25 15:17:59,9,lobby
2025-11-25 15:18:47,15,lobby
2025-11-25 15:19:22,11,lobby
